<?xml version="1.0" encoding="UTF-8"?>
<project-private xmlns="http://www.netbeans.org/ns/project-private/1">
    <editor-bookmarks xmlns="http://www.netbeans.org/ns/editor-bookmarks/2" lastBookmarkId="0"/>
    <open-files xmlns="http://www.netbeans.org/ns/projectui-open-files/2">
        <group>
            <file>file:/C:/Users/ueakung/Desktop/Lab%20Java/Lab10_2/src/lab10_2/LiquidFuel.java</file>
            <file>file:/C:/Users/ueakung/Desktop/Lab%20Java/Lab10_2/src/lab10_2/Electric.java</file>
            <file>file:/C:/Users/ueakung/Desktop/Lab%20Java/Lab10_2/src/lab10_2/Bus.java</file>
            <file>file:/C:/Users/ueakung/Desktop/Lab%20Java/Lab10_2/src/lab10_2/Hybrid.java</file>
            <file>file:/C:/Users/ueakung/Desktop/Lab%20Java/Lab10_2/src/lab10_2/CNGBus.java</file>
            <file>file:/C:/Users/ueakung/Desktop/Lab%20Java/Lab10_2/src/lab10_2/BusTester.java</file>
        </group>
    </open-files>
</project-private>
