<?xml version="1.0" encoding="UTF-8"?>
<project-private xmlns="http://www.netbeans.org/ns/project-private/1">
    <editor-bookmarks xmlns="http://www.netbeans.org/ns/editor-bookmarks/2" lastBookmarkId="0"/>
    <open-files xmlns="http://www.netbeans.org/ns/projectui-open-files/2">
        <group>
            <file>file:/C:/Users/ueakung/Desktop/Lab%20Java/Lab11_2/src/lab11_2/Bird.java</file>
            <file>file:/C:/Users/ueakung/Desktop/Lab%20Java/Lab11_2/src/lab11_2/InterfaceProject.java</file>
            <file>file:/C:/Users/ueakung/Desktop/Lab%20Java/Lab11_2/src/lab11_2/CanSwim.java</file>
            <file>file:/C:/Users/ueakung/Desktop/Lab%20Java/Lab11_2/src/lab11_2/Ground.java</file>
            <file>file:/C:/Users/ueakung/Desktop/Lab%20Java/Lab11_2/src/lab11_2/CanWalk.java</file>
            <file>file:/C:/Users/ueakung/Desktop/Lab%20Java/Lab11_2/src/lab11_2/Cat.java</file>
            <file>file:/C:/Users/ueakung/Desktop/Lab%20Java/Lab11_2/src/lab11_2/Animal.java</file>
            <file>file:/C:/Users/ueakung/Desktop/Lab%20Java/Lab11_2/src/lab11_2/Sky.java</file>
            <file>file:/C:/Users/ueakung/Desktop/Lab%20Java/Lab11_2/src/lab11_2/Terrain.java</file>
            <file>file:/C:/Users/ueakung/Desktop/Lab%20Java/Lab11_2/src/lab11_2/CanFly.java</file>
            <file>file:/C:/Users/ueakung/Desktop/Lab%20Java/Lab11_2/src/lab11_2/Fish.java</file>
            <file>file:/C:/Users/ueakung/Desktop/Lab%20Java/Lab11_2/src/lab11_2/Pool.java</file>
        </group>
    </open-files>
</project-private>
